"","topic","term","beta"
"1",1,"deaños",0.00934655058844563
"2",1,"sospechosos",0.005950216079801
"3",1,"españa",0.00550246480152268
"4",1,"aires",0.0054542187354758
"5",1,"confirmados",0.00502564929430538
"6",1,"transmisión",0.00488910597086772
"7",1,"buenos",0.00433723842370496
"8",1,"hospital",0.00421113643397628
"9",1,"unidos",0.00412760715632391
"10",1,"hombre",0.00354780751178309
"11",1,"protocolo",0.00349196657945619
"12",1,"cuatro",0.00340958904565617
"13",1,"pampeanos",0.00326206239592058
"14",1,"tratamiento",0.00320897509845899
"15",1,"seguimiento",0.00303891460764269
"16",1,"información",0.00301337399885453
"17",1,"equipo",0.00283140966224751
"18",1,"respiratoria",0.00274379206239247
"19",1,"insumos",0.00272052172421393
"20",1,"antecedente",0.00262541006346391
"21",1,"uso",0.00249619855950001
"22",1,"funcionarios",0.00242770458712005
"23",1,"mayo",0.00239154902816792
"24",1,"san",0.00237426498609026
"25",1,"alta",0.00233982020558634
"26",1,"paciente",0.00230863636457427
"27",1,"vigilancia",0.00228799054355931
"28",1,"pampeano",0.00228434475598684
"29",1,"controles",0.0022492126634871
"30",1,"contagio",0.00222690321555941
"31",1,"ingreso",0.00221314279965852
"32",1,"jueves",0.00219796120078433
"33",1,"miércoles",0.00214924570346669
"34",1,"será",0.0020787210225987
"35",1,"internado",0.0020741177258667
"36",1,"domicilio",0.00204124005486976
"37",1,"algunos",0.00198713272572926
"38",1,"infectados",0.00197850907650478
"39",1,"unos",0.00192814520293331
"40",1,"textual",0.00192568379245971
"41",1,"intendente",0.00186761424594246
"42",1,"tras",0.0018649510724825
"43",1,"hospitalarios",0.00185463183883004
"44",1,"lunes",0.00183728775892552
"45",1,"cumpliendo",0.00181410511908846
"46",1,"río",0.0017993964663558
"47",1,"matrimonio",0.00178593600226824
"48",1,"tal",0.00177507825415948
"49",1,"fecha",0.00177502786682774
"50",1,"viernes",0.00177125598665203
"51",2,"hombre",0.00648291164611521
"52",2,"confirmados",0.00615862643019079
"53",2,"deaños",0.00538934714316104
"54",2,"paciente",0.00519464508033186
"55",2,"buenos",0.00473906239214981
"56",2,"fecha",0.00410940908854403
"57",2,"información",0.00384168553989998
"58",2,"italia",0.00363526716197045
"59",2,"pampeanos",0.00355107276978884
"60",2,"protocolo",0.00355061645528864
"61",2,"respiratoria",0.00338260529834168
"62",2,"exterior",0.00326852409351248
"63",2,"pampeano",0.00317709996382787
"64",2,"españa",0.00313857965270737
"65",2,"será",0.00309778919802473
"66",2,"equipo",0.00292130320479391
"67",2,"mayo",0.0028610875894607
"68",2,"fondo",0.00284846432057639
"69",2,"sospechosos",0.00273961154873675
"70",2,"unidos",0.00263167355586474
"71",2,"trabajadores",0.00248800780825162
"72",2,"chaco",0.00244436863095614
"73",2,"martes",0.00244109368651401
"74",2,"nuestro",0.00239617327338887
"75",2,"datos",0.00235904571126542
"76",2,"contagio",0.00230611647561848
"77",2,"mujer",0.00229649850276947
"78",2,"china",0.00229010782383008
"79",2,"positivos",0.00224035530287778
"80",2,"ejecutivo",0.00221666675568942
"81",2,"domingo",0.00219229334494441
"82",2,"resolución",0.00215754500872589
"83",2,"tal",0.0021102140858174
"84",2,"jueves",0.00209912048860917
"85",2,"respiratorios",0.00207762380554272
"86",2,"cuatro",0.00204620008069974
"87",2,"investigación",0.00203743722648706
"88",2,"ciento",0.00200314360321719
"89",2,"domicilio",0.00195563013047103
"90",2,"equipos",0.00194872557361028
"91",2,"habían",0.00194596605889366
"92",2,"infectados",0.00193756308468698
"93",2,"puedan",0.00193235977298255
"94",2,"tratamiento",0.00191601856024786
"95",2,"sector",0.00190150124104357
"96",2,"contactos",0.00185017883973257
"97",2,"intensiva",0.00181404642414111
"98",2,"continúa",0.00180663886089217
"99",2,"sostuvo",0.00179544425008106
"100",2,"nacionales",0.00179270930716689
"101",3,"hospital",0.00686726395741581
"102",3,"buenos",0.00674589913950196
"103",3,"transmisión",0.00573541541436583
"104",3,"italia",0.00484407030759036
"105",3,"confirmados",0.00423495661605857
"106",3,"fecha",0.00392301605169754
"107",3,"paciente",0.00390236194963688
"108",3,"martes",0.0035228586078182
"109",3,"insumos",0.00329846284271624
"110",3,"pampeano",0.00317432135364818
"111",3,"positivo",0.0031537361219701
"112",3,"hombre",0.00303311935047716
"113",3,"clases",0.00301241087406275
"114",3,"china",0.00293327475907568
"115",3,"mujer",0.00289932634522434
"116",3,"sector",0.00285280300380015
"117",3,"fernández",0.00280947125183434
"118",3,"vigilancia",0.00274582227231302
"119",3,"recomendaciones",0.00267878863890607
"120",3,"investigación",0.00264783537695652
"121",3,"lunes",0.00263460832135581
"122",3,"controles",0.00262435323087959
"123",3,"viernes",0.00256989026391116
"124",3,"equipo",0.00253956315514503
"125",3,"nueva",0.002536210415914
"126",3,"cuatro",0.00245321250691837
"127",3,"viaje",0.00245249137083582
"128",3,"fondo",0.0023665848804676
"129",3,"acuerdo",0.00236015727345492
"130",3,"contagio",0.00231531651587048
"131",3,"información",0.00226688558297445
"132",3,"respiratorios",0.00222270844311284
"133",3,"mayo",0.0021326328764403
"134",3,"tos",0.00213169331413661
"135",3,"río",0.00210164241931239
"136",3,"ejecutivo",0.00202392517855423
"137",3,"abril",0.00202356483059386
"138",3,"jueves",0.00202150720134507
"139",3,"chaco",0.00200254485340734
"140",3,"análisis",0.00200114186111969
"141",3,"córdoba",0.00198370477614056
"142",3,"estrategias",0.00197128296542294
"143",3,"miércoles",0.00194997810833502
"144",3,"san",0.00190696743863012
"145",3,"solidario",0.00186431787358742
"146",3,"sábado",0.00185810990321951
"147",3,"alerta",0.00181975647712732
"148",3,"unidos",0.00180212775092521
"149",3,"equipos",0.00180077172842648
"150",3,"mensaje",0.00179976923008062
"151",4,"paciente",0.00693732794085465
"152",4,"transmisión",0.00580682788287215
"153",4,"hospital",0.00483151022339867
"154",4,"sospechosos",0.00447720461245311
"155",4,"buenos",0.00438343653717368
"156",4,"aires",0.00423015938669842
"157",4,"viaje",0.00421358349385792
"158",4,"confirmados",0.00415236239008691
"159",4,"protocolo",0.00354257948423398
"160",4,"contagio",0.00338621150056078
"161",4,"terapia",0.00324691975763762
"162",4,"respiratoria",0.00322807841414938
"163",4,"internado",0.00320044556160171
"164",4,"exterior",0.00310716503370754
"165",4,"martes",0.00303420936770789
"166",4,"hombre",0.00300866565284007
"167",4,"unidos",0.00299336328951578
"168",4,"chaco",0.00296545878037508
"169",4,"pampeano",0.00291915350617525
"170",4,"nuestro",0.00286690427279252
"171",4,"investigación",0.00283592871677945
"172",4,"deaños",0.00282803730219632
"173",4,"cumpliendo",0.0027450043039963
"174",4,"datos",0.0027324717634184
"175",4,"viernes",0.00263778198937579
"176",4,"italia",0.00259466345061202
"177",4,"funcionarios",0.00259255407669596
"178",4,"china",0.00246259708843706
"179",4,"tos",0.00244260848662037
"180",4,"vigilancia",0.00240202436438278
"181",4,"controles",0.00236306472098472
"182",4,"contención",0.0023447207611701
"183",4,"centeno",0.00233043586719332
"184",4,"infectados",0.0022960327231946
"185",4,"abril",0.00224194893263069
"186",4,"antecedente",0.0022259883170111
"187",4,"intendente",0.00222433996750152
"188",4,"tras",0.0021702649261903
"189",4,"seguimiento",0.00214551154458029
"190",4,"sector",0.00209036836756806
"191",4,"ley",0.00208101136662709
"192",4,"camas",0.00207965754462879
"193",4,"respiratorios",0.0020785177571594
"194",4,"insumos",0.00206639413235146
"195",4,"hospitalarios",0.002048087168762
"196",4,"laboratorio",0.00188856814783936
"197",4,"puedan",0.0018767831972881
"198",4,"garcía",0.00187576110097263
"199",4,"deben",0.0018736130884953
"200",4,"explique",0.00187143331592112
"201",5,"hombre",0.00679719293160521
"202",5,"aires",0.00632583882989668
"203",5,"contención",0.00496397728125428
"204",5,"transmisión",0.00446902566645097
"205",5,"china",0.00425817496860492
"206",5,"información",0.00420482742773151
"207",5,"unidos",0.00408682241846831
"208",5,"nueva",0.00405539718582568
"209",5,"fecha",0.00393731697768663
"210",5,"abril",0.00391244250652264
"211",5,"san",0.00371670476466431
"212",5,"confirmados",0.00352595197855237
"213",5,"insumos",0.0034210806353938
"214",5,"sospechosos",0.00336528418616795
"215",5,"pampeano",0.00317066602520417
"216",5,"funcionarios",0.00294047201757339
"217",5,"internado",0.0029261943429837
"218",5,"investigación",0.00290423094155198
"219",5,"nuestro",0.00285999152911825
"220",5,"antecedente",0.00273523217875768
"221",5,"respiratoria",0.00270532700264732
"222",5,"será",0.00266934974397335
"223",5,"estrategias",0.00250785983807915
"224",5,"deaños",0.00247857934354758
"225",5,"sostuvo",0.00229279207734578
"226",5,"tras",0.00227344222162824
"227",5,"hospitales",0.00220375145419027
"228",5,"recomendaciones",0.00217506702025134
"229",5,"acciones",0.00217441230620763
"230",5,"ciento",0.00211390374819695
"231",5,"reiteró",0.002108802385241
"232",5,"córdoba",0.00210192758918753
"233",5,"cumpliendo",0.00209851299580309
"234",5,"seguimiento",0.00207281101726793
"235",5,"sospechoso",0.00205519686604109
"236",5,"explique",0.00196709556944341
"237",5,"economía",0.00195603110760716
"238",5,"etapa",0.00194712113482551
"239",5,"comprar",0.00193459672803226
"240",5,"causa",0.0018972246371957
"241",5,"continúa",0.00188943411224632
"242",5,"domingo",0.00188250785453758
"243",5,"infectados",0.00184753055311228
"244",5,"intendente",0.00183527641516628
"245",5,"etiología",0.00182827158155987
"246",5,"negro",0.00180356842037972
"247",5,"brindar",0.00179348626278129
"248",5,"manos",0.00179002799679171
"249",5,"análisis",0.00178865341099481
"250",5,"objetivo",0.00177221931812627
"251",6,"confirmados",0.0108015644124799
"252",6,"hospital",0.00810851974156641
"253",6,"deaños",0.00704175099983682
"254",6,"viaje",0.00575145784160632
"255",6,"paciente",0.00565971245750761
"256",6,"información",0.00424247716754105
"257",6,"hombre",0.00421159190060477
"258",6,"fecha",0.0041272731765486
"259",6,"china",0.00408181872888471
"260",6,"ziliotto",0.00400728720771632
"261",6,"aires",0.00388744981198381
"262",6,"protocolo",0.00361574717484443
"263",6,"abril",0.003580578185905
"264",6,"insumos",0.00336759301955915
"265",6,"cuatro",0.00326610562837185
"266",6,"terapia",0.00303017876390172
"267",6,"mujer",0.00278770473389668
"268",6,"chaco",0.00262844540944584
"269",6,"recomendaciones",0.00262564344749151
"270",6,"cifra",0.0025683869124593
"271",6,"san",0.00256049418452203
"272",6,"exterior",0.00247729976984359
"273",6,"lunes",0.00244944927476643
"274",6,"equipo",0.00230503638971467
"275",6,"seguimiento",0.00228417282486327
"276",6,"fernández",0.00225788346101156
"277",6,"puedan",0.00224510473220138
"278",6,"viernes",0.00224201741161297
"279",6,"ciento",0.00217254082164456
"280",6,"internado",0.00216905109768098
"281",6,"muertes",0.00211100304773394
"282",6,"objetivo",0.00209559396741738
"283",6,"tras",0.00208343961043625
"284",6,"explique",0.00206606426980445
"285",6,"funcionarios",0.00206077182361612
"286",6,"acciones",0.00204599583831082
"287",6,"públicos",0.00204348105053697
"288",6,"río",0.00203913297814439
"289",6,"sostuvo",0.00198049384632058
"290",6,"trabajadores",0.00198034440323894
"291",6,"cámara",0.00192284079978536
"292",6,"tos",0.00190534589787525
"293",6,"domicilio",0.00187037746626654
"294",6,"mayo",0.00184970602893407
"295",6,"buenos",0.00184016657840911
"296",6,"permite",0.00183911314245778
"297",6,"aporte",0.00183076738488636
"298",6,"área",0.00179561752538987
"299",6,"datos",0.00177931690495797
"300",6,"distintos",0.00177816606675263
"301",7,"hospital",0.00846719595129058
"302",7,"buenos",0.00492411026940407
"303",7,"fernández",0.00450118782354855
"304",7,"paciente",0.00446077583141319
"305",7,"españa",0.00432033245245761
"306",7,"internado",0.00406301391575184
"307",7,"viaje",0.00400649413335815
"308",7,"positivo",0.00400565924388274
"309",7,"transmisión",0.00351055681856502
"310",7,"fecha",0.00350384675923957
"311",7,"pampeanos",0.00321852429665534
"312",7,"terapia",0.00320406178140598
"313",7,"italia",0.00320231635346922
"314",7,"tratamiento",0.00315979544663753
"315",7,"deaños",0.00307655344565229
"316",7,"fondo",0.00300276092359335
"317",7,"exterior",0.00288162700649955
"318",7,"clases",0.00282023826401729
"319",7,"resolución",0.00273996140823903
"320",7,"estrategias",0.00270409136400938
"321",7,"pampeano",0.00268990788478016
"322",7,"contagio",0.00257340118620746
"323",7,"tal",0.00256112778481071
"324",7,"hombre",0.00249989127927656
"325",7,"sectores",0.0023168659078323
"326",7,"sábado",0.00231483927571984
"327",7,"sospechosos",0.00230061990426165
"328",7,"insumos",0.00228155893515325
"329",7,"miércoles",0.0022397742325652
"330",7,"sospechoso",0.00213940646208757
"331",7,"contactos",0.00212617418290093
"332",7,"área",0.00209669028998247
"333",7,"camas",0.00206837058073438
"334",7,"china",0.00206773339193554
"335",7,"respiratorios",0.00205653388069543
"336",7,"ziliotto",0.00205156024211764
"337",7,"equipos",0.00201646170205371
"338",7,"hospitalarios",0.00201163588345706
"339",7,"públicos",0.00195582598605389
"340",7,"infectados",0.00193392397120232
"341",7,"brindar",0.00193318160262363
"342",7,"recomendaciones",0.00193040060269262
"343",7,"cifra",0.00192106592677382
"344",7,"hospitales",0.00191265366771009
"345",7,"penal",0.00190207507910633
"346",7,"resultado",0.00187690471371682
"347",7,"tos",0.00187553966713176
"348",7,"reiteró",0.00182362693896115
"349",7,"será",0.00181146851958229
"350",7,"nacionales",0.00178167269554911
"351",8,"hospital",0.00753962307914903
"352",8,"deaños",0.00668742397493825
"353",8,"viaje",0.00579870780306911
"354",8,"aires",0.00455822296023129
"355",8,"abril",0.00400875210120491
"356",8,"buenos",0.00384131938843453
"357",8,"ziliotto",0.00376873521714122
"358",8,"contagio",0.00341497674145759
"359",8,"positivo",0.00336845477457846
"360",8,"nueva",0.0031792382242471
"361",8,"antecedente",0.00316643645581512
"362",8,"paciente",0.00303177115513934
"363",8,"martes",0.00303176370108565
"364",8,"datos",0.00293589776987348
"365",8,"nuestro",0.00292185342725852
"366",8,"transmisión",0.00286683374101147
"367",8,"cuatro",0.00283507039961798
"368",8,"internado",0.00265627716934993
"369",8,"trabajadores",0.00261930097732765
"370",8,"confirmados",0.00256988183094192
"371",8,"italia",0.0025088032862185
"372",8,"mayo",0.00249497334419258
"373",8,"hombre",0.00249084184178332
"374",8,"información",0.00244130340640354
"375",8,"alta",0.0023711777816865
"376",8,"será",0.00235007721895954
"377",8,"miércoles",0.00226996700370042
"378",8,"lunes",0.00223330790217151
"379",8,"puedan",0.00223046316176908
"380",8,"sectores",0.00222831211753138
"381",8,"san",0.0021624924608986
"382",8,"objetivo",0.00215883031897511
"383",8,"seguimiento",0.00212510464708248
"384",8,"españa",0.00211759304964618
"385",8,"comunidad",0.00208248201313808
"386",8,"sostuvo",0.00205903550052638
"387",8,"domingo",0.00203638160468726
"388",8,"sospechosos",0.00201759103847803
"389",8,"algunos",0.00197807972524797
"390",8,"funcionarios",0.00197722651543463
"391",8,"unidades",0.00196701873834517
"392",8,"insumos",0.00196399904836345
"393",8,"uso",0.00193037304193775
"394",8,"laboratorio",0.00184023517641796
"395",8,"centeno",0.00183988606691395
"396",8,"cámara",0.00183732346939082
"397",8,"molas",0.00182171365848135
"398",8,"chaco",0.00181343565540195
"399",8,"clínico",0.00178898105889721
"400",8,"lucha",0.00178192395575407
"401",9,"paciente",0.00654306238220249
"402",9,"hombre",0.0064304174917663
"403",9,"confirmados",0.00563264250495077
"404",9,"italia",0.00492555280999793
"405",9,"sospechosos",0.00444478106484149
"406",9,"deaños",0.0043388136720775
"407",9,"china",0.00399000010238499
"408",9,"fecha",0.00397151967701664
"409",9,"positivo",0.00394597928105466
"410",9,"españa",0.00385903440047651
"411",9,"pampeanos",0.00385205671623519
"412",9,"abril",0.00384305640635557
"413",9,"respiratoria",0.00356963088011352
"414",9,"funcionarios",0.00327341080770979
"415",9,"martes",0.00317025313320043
"416",9,"ziliotto",0.00310842853867287
"417",9,"fernández",0.00304484937902355
"418",9,"antecedente",0.00301248987543278
"419",9,"información",0.00295877617351816
"420",9,"san",0.00292455472232423
"421",9,"ejecutivo",0.00292230552615009
"422",9,"viernes",0.00286293093796295
"423",9,"recomendaciones",0.00282438493843711
"424",9,"aires",0.00277360952793546
"425",9,"estrategias",0.00261451236110325
"426",9,"intendente",0.0025056821838425
"427",9,"lunes",0.00250565685749497
"428",9,"trabajadores",0.00236142886286376
"429",9,"cumpliendo",0.00229894517819539
"430",9,"unidos",0.00227625669777174
"431",9,"buenos",0.00227093433323668
"432",9,"mujer",0.00227062743641573
"433",9,"acciones",0.0022630198300473
"434",9,"clases",0.00221888463359589
"435",9,"mayo",0.0022127528649877
"436",9,"públicos",0.00219746695364381
"437",9,"municipio",0.00218780262384954
"438",9,"ingreso",0.00216296190570435
"439",9,"acuerdo",0.00211472633353909
"440",9,"muertos",0.00209158375934162
"441",9,"domicilio",0.00202139016907076
"442",9,"brindar",0.00198003730682591
"443",9,"puedan",0.00195423549978922
"444",9,"internado",0.00190209283973229
"445",9,"viaje",0.00187850061318648
"446",9,"contención",0.0018661086936779
"447",9,"molas",0.00186126184969792
"448",9,"etiología",0.00182412547755147
"449",9,"adquisición",0.00180336809621792
"450",9,"penal",0.00179035119127472
"451",10,"hospital",0.00742315503587356
"452",10,"confirmados",0.00698786950580857
"453",10,"buenos",0.00669000799962739
"454",10,"viaje",0.00588872566332044
"455",10,"hombre",0.00530326414096799
"456",10,"sospechosos",0.00524254254115806
"457",10,"aires",0.00505116514119167
"458",10,"información",0.004692089563138
"459",10,"contención",0.00410266517832498
"460",10,"respiratoria",0.0032989583662903
"461",10,"comprar",0.00318526588307408
"462",10,"chaco",0.00307662413427398
"463",10,"fecha",0.00303769343266761
"464",10,"fondo",0.00292294505494706
"465",10,"mujer",0.0028880831314685
"466",10,"abril",0.00283289085238266
"467",10,"trabajadores",0.00276448531726137
"468",10,"contactos",0.0026830944281791
"469",10,"insumos",0.0026350605558546
"470",10,"lunes",0.00263185911483023
"471",10,"ejecutivo",0.00255832720212096
"472",10,"alta",0.00250479625845002
"473",10,"pampeanos",0.00243868091285261
"474",10,"positivos",0.00235871383546755
"475",10,"terapia",0.00233486106394248
"476",10,"acciones",0.00229064422310045
"477",10,"internado",0.00227892814094027
"478",10,"acuerdo",0.00226918846799977
"479",10,"vigilancia",0.00224533162666984
"480",10,"será",0.00223744776976395
"481",10,"exterior",0.00220535253463504
"482",10,"objetivo",0.00213171530627492
"483",10,"empresas",0.0021067769769107
"484",10,"martes",0.00202632763159996
"485",10,"jueves",0.00202379541610622
"486",10,"brindar",0.00198964513143088
"487",10,"contagio",0.00198590426369152
"488",10,"hospitales",0.00198157922072887
"489",10,"etapa",0.00197960226628756
"490",10,"san",0.00197349836682647
"491",10,"distintos",0.00192580645389299
"492",10,"seguimiento",0.00189881971642811
"493",10,"intensiva",0.00189465979667716
"494",10,"viajado",0.00186406562632921
"495",10,"análisis",0.00186269371868934
"496",10,"paciente",0.00185008155704448
"497",10,"centeno",0.00184438021308992
"498",10,"comunidad",0.00183015264179688
"499",10,"respiradores",0.00178898026211752
"500",10,"pudo",0.00174824566662663
"501",11,"confirmados",0.00864128396923571
"502",11,"hombre",0.00665921831715464
"503",11,"deaños",0.00600764125818019
"504",11,"sospechosos",0.00520062750933944
"505",11,"aires",0.00394588158226685
"506",11,"fecha",0.00391445751029788
"507",11,"buenos",0.00373102810543753
"508",11,"cuatro",0.00361190879989127
"509",11,"insumos",0.0035484873150658
"510",11,"exterior",0.00353102801269532
"511",11,"martes",0.00352952936001067
"512",11,"pampeanos",0.003354063897162
"513",11,"investigación",0.00319167098592465
"514",11,"tratamiento",0.00315323417169787
"515",11,"protocolo",0.00315010942140107
"516",11,"italia",0.0030989180911001
"517",11,"nuestro",0.00296188928591817
"518",11,"nueva",0.00285764865107078
"519",11,"datos",0.00282253569935707
"520",11,"funcionarios",0.0027936722907052
"521",11,"sector",0.00270237467579869
"522",11,"alta",0.00256823118761366
"523",11,"respiratoria",0.00252816711599584
"524",11,"infectados",0.00251111396272519
"525",11,"recomendaciones",0.00247104038096599
"526",11,"tras",0.00246320489538487
"527",11,"positivo",0.0024546192038502
"528",11,"fondo",0.00242967979433884
"529",11,"unidos",0.00242232105481093
"530",11,"abril",0.00234178594960377
"531",11,"jueves",0.00232296613101649
"532",11,"resolución",0.00231124037199433
"533",11,"contención",0.00229844640369785
"534",11,"ley",0.00222963782635289
"535",11,"san",0.00222308044064177
"536",11,"sospechoso",0.0021991293574948
"537",11,"equipo",0.00217963833496981
"538",11,"muertes",0.00217025249496629
"539",11,"controles",0.00214458027169633
"540",11,"pampeano",0.00212412637774251
"541",11,"transmisión",0.0021122764260064
"542",11,"puedan",0.00210277494300614
"543",11,"reiteró",0.00210130992769508
"544",11,"meses",0.00202911376349298
"545",11,"será",0.00199176220478273
"546",11,"mensaje",0.00198568682493959
"547",11,"universidad",0.00197749076558618
"548",11,"comprar",0.00194406895478614
"549",11,"río",0.00189723799756988
"550",11,"transporte",0.00185143020984406
"551",12,"confirmados",0.00883160223532075
"552",12,"hospital",0.00813082166185242
"553",12,"paciente",0.00696348400558341
"554",12,"buenos",0.00554428484110793
"555",12,"fernández",0.00516843272717735
"556",12,"españa",0.00508797074548862
"557",12,"sospechosos",0.00481370627241664
"558",12,"positivo",0.00409857776950957
"559",12,"hombre",0.00391124548196391
"560",12,"italia",0.00360125936611166
"561",12,"infectados",0.0034245476249878
"562",12,"viaje",0.0033873771537406
"563",12,"información",0.00336174549515878
"564",12,"terapia",0.00336014340602102
"565",12,"funcionarios",0.00325893482028162
"566",12,"deaños",0.00324239024626319
"567",12,"fecha",0.00311498000102239
"568",12,"transmisión",0.00306039239131538
"569",12,"aires",0.0028470046383543
"570",12,"contagio",0.00283342009533961
"571",12,"cumpliendo",0.00278075034497014
"572",12,"sector",0.00271876460663158
"573",12,"exterior",0.00266604386521872
"574",12,"protocolo",0.00265438141996581
"575",12,"recomendaciones",0.00249747841018474
"576",12,"río",0.0024320712119086
"577",12,"investigación",0.00238671527056788
"578",12,"respiratorios",0.00235710782885215
"579",12,"hospitales",0.00234790142148585
"580",12,"objetivo",0.00232887494278418
"581",12,"chaco",0.00231709805149988
"582",12,"estrategias",0.00231067090758996
"583",12,"lunes",0.00230895464667713
"584",12,"abril",0.00227105194846167
"585",12,"municipio",0.00224790822664476
"586",12,"resolución",0.00222905893487461
"587",12,"tratamiento",0.00219637775307573
"588",12,"algunos",0.00216076953260064
"589",12,"contactos",0.00208152892922252
"590",12,"alta",0.00204137156384238
"591",12,"vigilancia",0.00201881195870278
"592",12,"equipo",0.00198161732930167
"593",12,"san",0.00197555842391807
"594",12,"empleados",0.00192464313111907
"595",12,"matrimonio",0.00188046794910162
"596",12,"brindar",0.00186766110418868
"597",12,"públicos",0.00184383484358968
"598",12,"sábado",0.00179696588538374
"599",12,"internado",0.00178660555921512
"600",12,"sitio",0.00178156927805531
"601",13,"deaños",0.00862415544632403
"602",13,"italia",0.0059977492059106
"603",13,"buenos",0.0055066696629524
"604",13,"españa",0.00542676430174321
"605",13,"hospital",0.00521539117247967
"606",13,"confirmados",0.00504966437743724
"607",13,"transmisión",0.00482974497435965
"608",13,"china",0.00467229432895403
"609",13,"fernández",0.00426656706253407
"610",13,"contención",0.00383320697553616
"611",13,"positivo",0.00345107990013865
"612",13,"trabajadores",0.00333028262489892
"613",13,"fecha",0.00323769393211604
"614",13,"pampeano",0.00321188950592615
"615",13,"sospechosos",0.00309539718006072
"616",13,"será",0.00309281619296535
"617",13,"pampeanos",0.003079139031212
"618",13,"internado",0.00307541258250985
"619",13,"nueva",0.00305439691018026
"620",13,"comprar",0.00301084936612657
"621",13,"antecedente",0.0029145201574885
"622",13,"aires",0.00282054706196219
"623",13,"estrategias",0.00250643728958854
"624",13,"resolución",0.00249016210433598
"625",13,"tos",0.0024215730148372
"626",13,"unidades",0.00239785928672967
"627",13,"martes",0.00236898185048193
"628",13,"uso",0.00236441049760979
"629",13,"sostuvo",0.00230605803016303
"630",13,"algunos",0.00229129380018537
"631",13,"mayo",0.0022766116027375
"632",13,"respiratoria",0.00226976483531805
"633",13,"contagio",0.00226472860188559
"634",13,"jueves",0.00224582995653576
"635",13,"nuestro",0.0022016331246345
"636",13,"sector",0.00217825426044705
"637",13,"insumos",0.00207573083951806
"638",13,"exterior",0.00203979183231115
"639",13,"chile",0.00202197689405403
"640",13,"etiología",0.0019167934891462
"641",13,"comunidad",0.00186760178195763
"642",13,"cámara",0.00186380205846963
"643",13,"funcionarios",0.00185693359873625
"644",13,"ingresar",0.00185467638152368
"645",13,"controles",0.00183317624187964
"646",13,"laboratorio",0.0018274350223443
"647",13,"curva",0.0017937467850216
"648",13,"alta",0.00174777288083311
"649",13,"positivos",0.00174292758644393
"650",13,"reiteró",0.0017197603802756
"651",14,"hospital",0.00586137004146606
"652",14,"confirmados",0.00580032209141372
"653",14,"china",0.00469816531802773
"654",14,"información",0.0044813758859288
"655",14,"unidos",0.00436489527480206
"656",14,"trabajadores",0.00419727876047403
"657",14,"transmisión",0.00413409177745292
"658",14,"martes",0.00387026868471074
"659",14,"fecha",0.00385359255821247
"660",14,"terapia",0.00339086756153438
"661",14,"datos",0.00334016935888277
"662",14,"cuatro",0.00320004439625005
"663",14,"insumos",0.00311558742081844
"664",14,"infectados",0.00310358429021097
"665",14,"funcionarios",0.00306792043539079
"666",14,"pampeanos",0.00305091207034761
"667",14,"mujer",0.00297062025099127
"668",14,"ziliotto",0.0028106262759491
"669",14,"ejecutivo",0.00280879757083736
"670",14,"paciente",0.00276036716525433
"671",14,"positivos",0.00275823121350732
"672",14,"sector",0.00269676274237084
"673",14,"fondo",0.00264420212906755
"674",14,"recomendaciones",0.00252366647710774
"675",14,"controles",0.00248425251664756
"676",14,"hospitales",0.00242209795768815
"677",14,"domicilio",0.00239455921416272
"678",14,"tal",0.00237855843659498
"679",14,"internado",0.00226379769087877
"680",14,"seguimiento",0.00224183873957327
"681",14,"cumpliendo",0.00220711171802772
"682",14,"ingreso",0.00220675648570504
"683",14,"respiratoria",0.00216064399574536
"684",14,"exterior",0.00214935463979711
"685",14,"algunos",0.00213955271188624
"686",14,"laboratorio",0.00212441669702714
"687",14,"contención",0.00210906724903155
"688",14,"españa",0.0021046159572447
"689",14,"aires",0.00206012737481727
"690",14,"río",0.00203818769806082
"691",14,"alta",0.002025948761498
"692",14,"deben",0.0020073767108786
"693",14,"sospechosos",0.00196476343178595
"694",14,"pampeano",0.00194962410378315
"695",14,"clases",0.00193285114236366
"696",14,"deaños",0.0018934534542897
"697",14,"intensiva",0.00188672462664267
"698",14,"etapa",0.00187088668853762
"699",14,"estrategias",0.00183261299590371
"700",14,"acciones",0.00183030550612171
"701",15,"hospital",0.00853206699607002
"702",15,"confirmados",0.00675995012786151
"703",15,"italia",0.00629769758522852
"704",15,"viaje",0.0062120682349243
"705",15,"transmisión",0.00518433353798988
"706",15,"buenos",0.00472832324728508
"707",15,"china",0.00449210018061685
"708",15,"información",0.00418189616989448
"709",15,"fecha",0.00416561282311051
"710",15,"contención",0.00404796042332833
"711",15,"deaños",0.00359618246397513
"712",15,"trabajadores",0.003435361362867
"713",15,"hombre",0.00342132434200976
"714",15,"antecedente",0.00338556334419947
"715",15,"sospechosos",0.0031603789778099
"716",15,"nueva",0.00310688299713293
"717",15,"terapia",0.00294211992150311
"718",15,"sector",0.00278127004954961
"719",15,"tratamiento",0.00273658115723913
"720",15,"exterior",0.0027095227425353
"721",15,"miércoles",0.00263332386959247
"722",15,"clases",0.00262722171778914
"723",15,"recomendaciones",0.00258065977861542
"724",15,"insumos",0.00237274893542771
"725",15,"domingo",0.0023625523139385
"726",15,"tos",0.00233785835906276
"727",15,"estrategias",0.0023270158660736
"728",15,"muertes",0.00227285732157872
"729",15,"viernes",0.00226750446918078
"730",15,"acciones",0.00223359461736179
"731",15,"objetivo",0.00219215828878882
"732",15,"contagio",0.00218372045143917
"733",15,"datos",0.0021735911728612
"734",15,"jueves",0.0020559869550815
"735",15,"hospitales",0.00205354010841533
"736",15,"controles",0.0019399780846424
"737",15,"respiratoria",0.0019376010028615
"738",15,"laboratorio",0.00193617780222828
"739",15,"contactos",0.00191046251799158
"740",15,"comprar",0.00189571414146944
"741",15,"algunos",0.00186126082685315
"742",15,"pampeanos",0.00184024845389266
"743",15,"chaco",0.00180371246555336
"744",15,"textual",0.00179914269347067
"745",15,"córdoba",0.00179901865251959
"746",15,"artículo",0.00174453097168036
"747",15,"brindar",0.0017418946912661
"748",15,"ejecutivo",0.00172402975204617
"749",15,"pudo",0.00172285927587914
"750",15,"chile",0.00170214968428966
"751",16,"deaños",0.00898426190611987
"752",16,"paciente",0.00753707157981564
"753",16,"buenos",0.00660766218242754
"754",16,"hospital",0.00583000097566735
"755",16,"positivo",0.00451934738509982
"756",16,"transmisión",0.00434467010469371
"757",16,"italia",0.00425474753940859
"758",16,"fernández",0.00421503358439998
"759",16,"confirmados",0.00394131693307164
"760",16,"unidos",0.00379878426241644
"761",16,"china",0.00362291727917123
"762",16,"información",0.00356686024594494
"763",16,"españa",0.00345222237946358
"764",16,"contención",0.00344531289315384
"765",16,"viaje",0.00330989824818679
"766",16,"san",0.00319890380017457
"767",16,"aires",0.00317940831167519
"768",16,"viernes",0.00317339642562984
"769",16,"terapia",0.00308649449856563
"770",16,"fondo",0.00291193435193209
"771",16,"será",0.00279784325050136
"772",16,"protocolo",0.00278720890090714
"773",16,"abril",0.00273438121893014
"774",16,"positivos",0.00262326597917246
"775",16,"infectados",0.00261076060341813
"776",16,"contactos",0.00249210181472175
"777",16,"mayo",0.00247737533854231
"778",16,"tal",0.00242067348966102
"779",16,"río",0.00239617758933247
"780",16,"cuatro",0.00237983165510547
"781",16,"ziliotto",0.00231649947953252
"782",16,"equipo",0.00228601528568291
"783",16,"sábado",0.00226951808420825
"784",16,"reiteró",0.00218771125240514
"785",16,"internado",0.00213462327056259
"786",16,"comunidad",0.00211177067855652
"787",16,"pampeanos",0.00210863729966982
"788",16,"deben",0.00209640186192615
"789",16,"sostuvo",0.00207978036536963
"790",16,"etapa",0.00207442733414482
"791",16,"tratamiento",0.00206771899719382
"792",16,"alta",0.00206228102992112
"793",16,"molas",0.00204551862264653
"794",16,"sector",0.00200005474836175
"795",16,"domicilio",0.00199547202709734
"796",16,"contagio",0.00191461806296199
"797",16,"muertos",0.00189882158181573
"798",16,"muertes",0.00189662031556134
"799",16,"delde",0.00188456748567263
"800",16,"cifra",0.00184664029045777
"801",17,"hospital",0.0070670660515059
"802",17,"paciente",0.00678739317386622
"803",17,"españa",0.00541598552276801
"804",17,"viaje",0.00492560162803475
"805",17,"buenos",0.00474035094665694
"806",17,"deaños",0.00451160071450894
"807",17,"transmisión",0.00447594165024641
"808",17,"ziliotto",0.003978264770387
"809",17,"internado",0.00371943415641764
"810",17,"nueva",0.00362711397050679
"811",17,"infectados",0.00346323626757914
"812",17,"fondo",0.00327699553647307
"813",17,"italia",0.00323769184221734
"814",17,"pampeanos",0.00319344896928203
"815",17,"san",0.00317404304240781
"816",17,"respiratoria",0.00313317772827484
"817",17,"fernández",0.00289720423409685
"818",17,"terapia",0.0028594626002725
"819",17,"sospechosos",0.00279502790060964
"820",17,"sector",0.00272640494242263
"821",17,"china",0.0027135111887981
"822",17,"sábado",0.00269877941551376
"823",17,"recomendaciones",0.00250019974227288
"824",17,"estrategias",0.00244149834684638
"825",17,"será",0.00241758260546212
"826",17,"nuestro",0.00229595712360953
"827",17,"sospechoso",0.00222538450394195
"828",17,"clases",0.00221789373715956
"829",17,"mujer",0.00219728651871965
"830",17,"contactos",0.00218378060934629
"831",17,"seguimiento",0.00213049596669718
"832",17,"córdoba",0.00209928441017036
"833",17,"deben",0.00207649808766652
"834",17,"domingo",0.00204116294789338
"835",17,"datos",0.0020410386621885
"836",17,"pampeano",0.00203036721852401
"837",17,"protocolo",0.00200874708783013
"838",17,"comunidad",0.00200653974229984
"839",17,"aires",0.00197054969860743
"840",17,"cumpliendo",0.00195803779498676
"841",17,"economía",0.00195798127031919
"842",17,"cámara",0.00195712586814967
"843",17,"penal",0.00194391388620495
"844",17,"reiteró",0.0019188070814162
"845",17,"ejecutivo",0.00190379870839064
"846",17,"lucha",0.00188870401338357
"847",17,"tratamiento",0.00185992255864531
"848",17,"causa",0.00182620714282438
"849",17,"abril",0.00182375962786612
"850",17,"permite",0.00179081150034663
"851",18,"buenos",0.00634446439195191
"852",18,"sospechosos",0.00620156641091558
"853",18,"contención",0.00495853168631387
"854",18,"confirmados",0.00491688434087767
"855",18,"fernández",0.00473743983566688
"856",18,"positivo",0.00440023701781538
"857",18,"aires",0.00399642775623915
"858",18,"unidos",0.00373633244902334
"859",18,"nueva",0.00347468581547136
"860",18,"san",0.00339711686106588
"861",18,"viernes",0.00339549839759981
"862",18,"internado",0.00337054838219786
"863",18,"transmisión",0.00332065173009512
"864",18,"ziliotto",0.00330345374505635
"865",18,"pampeanos",0.00315489275873966
"866",18,"paciente",0.00301786032359364
"867",18,"investigación",0.00291246254037171
"868",18,"pampeano",0.00290248532175626
"869",18,"seguimiento",0.00285272054981799
"870",18,"positivos",0.00284199821697834
"871",18,"respiratoria",0.00272187615572271
"872",18,"españa",0.00261746348847784
"873",18,"martes",0.0025869795137107
"874",18,"recomendaciones",0.00249541539478689
"875",18,"hospital",0.00247954122323445
"876",18,"tos",0.00238453031693421
"877",18,"información",0.00236149505766816
"878",18,"objetivo",0.00235364051041078
"879",18,"sostuvo",0.00231808666359466
"880",18,"abril",0.00227488610268718
"881",18,"trabajadores",0.00225716480435582
"882",18,"chaco",0.00218341656325571
"883",18,"sector",0.00217840623391976
"884",18,"china",0.00216928017074954
"885",18,"alta",0.00216495182432286
"886",18,"infectados",0.00211814692688622
"887",18,"equipos",0.00201062553542335
"888",18,"antecedente",0.0020092618187282
"889",18,"córdoba",0.00198357713603378
"890",18,"acuerdo",0.00197523189264792
"891",18,"lucha",0.00191916580521215
"892",18,"muertos",0.0019115500998587
"893",18,"explique",0.00190285097985449
"894",18,"domicilio",0.00190053125178398
"895",18,"brindar",0.00189807461593235
"896",18,"será",0.00185898601669429
"897",18,"garcía",0.00184918898711738
"898",18,"aporte",0.00181828959007092
"899",18,"realizando",0.00181061154057317
"900",18,"análisis",0.00179532479763395
"901",19,"confirmados",0.0113437121652084
"902",19,"hospital",0.0066646125423531
"903",19,"buenos",0.00647598634988245
"904",19,"italia",0.00597429538180483
"905",19,"fernández",0.00472624921202396
"906",19,"deaños",0.00453342489158578
"907",19,"abril",0.00396887426179969
"908",19,"respiratoria",0.00384981248187514
"909",19,"contención",0.00352676677544027
"910",19,"infectados",0.0032154349469828
"911",19,"martes",0.00316713400503977
"912",19,"viernes",0.00316151155882467
"913",19,"datos",0.00315227269900227
"914",19,"información",0.00310648580207368
"915",19,"pampeanos",0.00309061447811002
"916",19,"contagio",0.00299707865418999
"917",19,"ziliotto",0.0029749967224102
"918",19,"protocolo",0.00291213848017911
"919",19,"cuatro",0.00290022383198942
"920",19,"controles",0.0028928672303658
"921",19,"funcionarios",0.00288113882723149
"922",19,"aires",0.00275275616715861
"923",19,"terapia",0.0025756589846002
"924",19,"clases",0.00234995541111385
"925",19,"tal",0.00220702523856157
"926",19,"china",0.00220344996508394
"927",19,"laboratorio",0.00217116372939054
"928",19,"camas",0.00216574220668507
"929",19,"positivo",0.0021488255451563
"930",19,"viaje",0.00212254588755546
"931",19,"etapa",0.00210220855003643
"932",19,"molas",0.00208813885150547
"933",19,"puedan",0.00207537060088835
"934",19,"intensiva",0.00206824532332999
"935",19,"transmisión",0.0019787619418047
"936",19,"aporte",0.0019645829122049
"937",19,"objetivo",0.0019562552417155
"938",19,"penal",0.00182181506878318
"939",19,"viajado",0.00181545717669692
"940",19,"acuerdo",0.00180668945890792
"941",19,"resolución",0.00180033683439558
"942",19,"sospechoso",0.00179939439197078
"943",19,"insumos",0.00179635611831302
"944",19,"tendrá",0.00178163804724601
"945",19,"chaco",0.00177946261196521
"946",19,"alcohol",0.00177246601284018
"947",19,"comprar",0.00176756212284717
"948",19,"tos",0.00175728389313882
"949",19,"víctima",0.00175593373453047
"950",19,"contagiados",0.00174555661122827
"951",20,"confirmados",0.00975617074083376
"952",20,"deaños",0.00662900032593696
"953",20,"hospital",0.00626927480534381
"954",20,"buenos",0.00618305466817681
"955",20,"paciente",0.00563690542217207
"956",20,"sospechosos",0.00523120523315434
"957",20,"china",0.00493561033178055
"958",20,"hombre",0.00474093470387503
"959",20,"viaje",0.00450853405003321
"960",20,"información",0.00442659183877029
"961",20,"internado",0.00430570804034709
"962",20,"transmisión",0.00370174184381308
"963",20,"positivo",0.00349214012266762
"964",20,"san",0.00340755255630326
"965",20,"contención",0.00335719696764045
"966",20,"pampeanos",0.0032556349424707
"967",20,"abril",0.00311364803228425
"968",20,"viernes",0.00296015261708417
"969",20,"aires",0.00282563017513975
"970",20,"funcionarios",0.00279976318369388
"971",20,"trabajadores",0.00270805171068104
"972",20,"respiratoria",0.00268006525943022
"973",20,"comprar",0.00258060715256962
"974",20,"clases",0.00255681656184039
"975",20,"será",0.00255541842013451
"976",20,"protocolo",0.00241505851778634
"977",20,"fondo",0.00237536342369472
"978",20,"fernández",0.00235924277691544
"979",20,"positivos",0.0023229209549367
"980",20,"insumos",0.00231087304422658
"981",20,"controles",0.00230331751570879
"982",20,"estrategias",0.00229368580390005
"983",20,"uso",0.00229302582983465
"984",20,"miércoles",0.0022922882813663
"985",20,"antecedente",0.00228788964755907
"986",20,"nuestro",0.00223869574871971
"987",20,"mayo",0.00216184877053211
"988",20,"lunes",0.00199400519233209
"989",20,"públicos",0.00198710418922336
"990",20,"análisis",0.00197110100774457
"991",20,"etapa",0.00196560671769487
"992",20,"objetivo",0.00196295024023974
"993",20,"área",0.00192590934740048
"994",20,"acciones",0.00191404525567809
"995",20,"sectores",0.0019072357108153
"996",20,"sector",0.00190028332047226
"997",20,"molas",0.00189957513912351
"998",20,"delde",0.0018936846030645
"999",20,"municipio",0.00188885411315563
"1000",20,"solidario",0.00188756018563639
"1001",21,"confirmados",0.00672673267261079
"1002",21,"china",0.00545172216786907
"1003",21,"hombre",0.00526905354478872
"1004",21,"deaños",0.0043822144126432
"1005",21,"sospechosos",0.00427123258519543
"1006",21,"respiratoria",0.00411150646302277
"1007",21,"unidos",0.00410652805312863
"1008",21,"transmisión",0.00410000441921856
"1009",21,"ziliotto",0.004020988069841
"1010",21,"pampeanos",0.00384838029288616
"1011",21,"nueva",0.00350161458282012
"1012",21,"chaco",0.00340569858013633
"1013",21,"contagio",0.0032863531351698
"1014",21,"fondo",0.0032579143834521
"1015",21,"san",0.00319311040589567
"1016",21,"datos",0.00317424307181678
"1017",21,"investigación",0.00315049663544534
"1018",21,"tratamiento",0.00291429428559405
"1019",21,"será",0.00290730762593153
"1020",21,"controles",0.00285736244889045
"1021",21,"exterior",0.00284520256099972
"1022",21,"clases",0.00272058796303056
"1023",21,"contención",0.00266840994629188
"1024",21,"resolución",0.00265841658850844
"1025",21,"alta",0.00263720210981735
"1026",21,"positivos",0.00247447472182586
"1027",21,"cifra",0.00247156229777791
"1028",21,"tras",0.00244009711036976
"1029",21,"lunes",0.00242097517885064
"1030",21,"unidades",0.00236354885180481
"1031",21,"viernes",0.00221427428612567
"1032",21,"puedan",0.00219801881364289
"1033",21,"sostuvo",0.00217274117810598
"1034",21,"domicilio",0.0021387236907777
"1035",21,"acuerdo",0.00212390624611101
"1036",21,"españa",0.00207439394514944
"1037",21,"reiteró",0.0020609726470993
"1038",21,"aires",0.00205188321907095
"1039",21,"buenos",0.00201224323220264
"1040",21,"recomendaciones",0.00196346426936951
"1041",21,"ejecutivo",0.00195963229085705
"1042",21,"jueves",0.00191939230305346
"1043",21,"martes",0.00189330874327039
"1044",21,"intensiva",0.00188656061440538
"1045",21,"italia",0.00188405751513038
"1046",21,"hospitales",0.00188310035913091
"1047",21,"abril",0.00186809674244454
"1048",21,"clínico",0.00186134144282631
"1049",21,"adquisición",0.00182978458884464
"1050",21,"entrega",0.00182771588367649
"1051",22,"confirmados",0.00999803072768654
"1052",22,"hospital",0.00639747393487195
"1053",22,"sospechosos",0.00555639099473106
"1054",22,"hombre",0.00517199047460621
"1055",22,"viaje",0.00469343952251683
"1056",22,"positivo",0.00440713545507561
"1057",22,"aires",0.00410116087261373
"1058",22,"pampeanos",0.00404397085250943
"1059",22,"fernández",0.00385207947737543
"1060",22,"internado",0.00383950078826899
"1061",22,"transmisión",0.00355705328582359
"1062",22,"datos",0.00334049046763413
"1063",22,"china",0.00313894730292068
"1064",22,"infectados",0.00313165751904569
"1065",22,"protocolo",0.00312880295747268
"1066",22,"respiratoria",0.00307186391400049
"1067",22,"ziliotto",0.00288908255585713
"1068",22,"comprar",0.00271832536721998
"1069",22,"italia",0.00265670858319969
"1070",22,"estrategias",0.00262510517071305
"1071",22,"alta",0.00262291419457789
"1072",22,"cifra",0.00257922164962564
"1073",22,"sábado",0.00248773738483164
"1074",22,"mujer",0.00245295188642253
"1075",22,"tras",0.00240933440272286
"1076",22,"exterior",0.00237740384360609
"1077",22,"buenos",0.00233711207389734
"1078",22,"insumos",0.00233166227177266
"1079",22,"españa",0.00227423230960007
"1080",22,"san",0.0022610688409981
"1081",22,"vigilancia",0.00225866735657808
"1082",22,"comunidad",0.00223580632673199
"1083",22,"recomendaciones",0.00221007426143584
"1084",22,"molas",0.00219994007082163
"1085",22,"ley",0.00219109562800056
"1086",22,"intendente",0.00218457340053083
"1087",22,"información",0.00218335853218177
"1088",22,"municipio",0.00216594216633571
"1089",22,"fondo",0.00214259292783069
"1090",22,"clases",0.00207932901441448
"1091",22,"será",0.00204903290373695
"1092",22,"jueves",0.00200533359882232
"1093",22,"chile",0.00199151985570701
"1094",22,"chaco",0.00197470982314561
"1095",22,"sectores",0.00193204323937118
"1096",22,"economía",0.00192568237191432
"1097",22,"muertes",0.00191603398921781
"1098",22,"unidos",0.00188332010016347
"1099",22,"ciento",0.00187607976153267
"1100",22,"etiología",0.0018577808248514
"1101",23,"paciente",0.0076138801360034
"1102",23,"deaños",0.00691403234267473
"1103",23,"hombre",0.00632420455517499
"1104",23,"china",0.0062441249883222
"1105",23,"buenos",0.00451876830521805
"1106",23,"información",0.00438236873542575
"1107",23,"martes",0.0038017458057997
"1108",23,"ziliotto",0.00363321050578808
"1109",23,"contagio",0.00346456783772393
"1110",23,"hospital",0.00338071704759963
"1111",23,"cuatro",0.00333389321507877
"1112",23,"fondo",0.00333388144335479
"1113",23,"terapia",0.00320595472270108
"1114",23,"pampeano",0.00320212624454116
"1115",23,"ejecutivo",0.00305770632120536
"1116",23,"unidos",0.00297583179879067
"1117",23,"recomendaciones",0.00297363668760041
"1118",23,"controles",0.00296774073712468
"1119",23,"alta",0.00280599962580185
"1120",23,"fecha",0.00274146424034911
"1121",23,"infectados",0.00271141455680388
"1122",23,"nuestro",0.00268416984032648
"1123",23,"confirmados",0.00265536376349821
"1124",23,"exterior",0.00258179539681255
"1125",23,"sector",0.00241829712809841
"1126",23,"tras",0.00240833898416266
"1127",23,"datos",0.00239602583674091
"1128",23,"transmisión",0.00237567493251964
"1129",23,"molas",0.00231512838521039
"1130",23,"lunes",0.0022552474326875
"1131",23,"domingo",0.00222569136240541
"1132",23,"pampeanos",0.00221483527342367
"1133",23,"positivos",0.00220577960920116
"1134",23,"comunidad",0.00211271551686045
"1135",23,"intensiva",0.00204416355893921
"1136",23,"tratamiento",0.00203192229312962
"1137",23,"fernández",0.0019386763800292
"1138",23,"respiratoria",0.0019217812495064
"1139",23,"cumpliendo",0.00189702930892512
"1140",23,"empleados",0.00186352869230796
"1141",23,"centeno",0.00183566849222001
"1142",23,"abril",0.00183564626657644
"1143",23,"italia",0.00180061574424474
"1144",23,"luis",0.00179662207727295
"1145",23,"hospitales",0.00178146621033562
"1146",23,"empresas",0.00175113005332894
"1147",23,"alcohol",0.00173575294391608
"1148",23,"viernes",0.00172125797278979
"1149",23,"alerta",0.00171990375242067
"1150",23,"entrega",0.00170983061599818
"1151",24,"sospechosos",0.00575405059284841
"1152",24,"deaños",0.00531295272639314
"1153",24,"china",0.0053106121667143
"1154",24,"aires",0.00502363049845826
"1155",24,"información",0.00456056338792476
"1156",24,"confirmados",0.00419331998150267
"1157",24,"hombre",0.0040349275597522
"1158",24,"pampeanos",0.00399094211171448
"1159",24,"españa",0.00378012266571351
"1160",24,"fernández",0.00364385537062597
"1161",24,"protocolo",0.00336756546143944
"1162",24,"unidos",0.0029279332520025
"1163",24,"recomendaciones",0.00291132856292171
"1164",24,"nuestro",0.00285229054987012
"1165",24,"viaje",0.00267286729821201
"1166",24,"datos",0.00266550681518083
"1167",24,"antecedente",0.00265553070024727
"1168",24,"paciente",0.00248518878295931
"1169",24,"hospital",0.00247004371274417
"1170",24,"clases",0.0024248688586607
"1171",24,"chaco",0.0023966535610843
"1172",24,"lunes",0.00238297942618065
"1173",24,"molas",0.00237571364274221
"1174",24,"cumpliendo",0.00232022904170068
"1175",24,"controles",0.00225240440887095
"1176",24,"ingreso",0.00221917965584596
"1177",24,"fecha",0.00220878011779166
"1178",24,"infectados",0.00211265911427398
"1179",24,"funcionarios",0.00210111317719616
"1180",24,"ley",0.00208359084550983
"1181",24,"investigación",0.0020080917142105
"1182",24,"públicos",0.00194125138914203
"1183",24,"ciento",0.00190508402251773
"1184",24,"seguimiento",0.00189079003151674
"1185",24,"córdoba",0.00187537649418046
"1186",24,"abril",0.0018512069329779
"1187",24,"objetivo",0.00183920552496561
"1188",24,"muertes",0.00182351592464002
"1189",24,"causa",0.00179736832502402
"1190",24,"sitio",0.00175861046237996
"1191",24,"contactos",0.00175335671099223
"1192",24,"delde",0.00174938150363587
"1193",24,"área",0.00174561232605264
"1194",24,"demil",0.00172303440632657
"1195",24,"sostuvo",0.00171528751751542
"1196",24,"detecta",0.00169904210357048
"1197",24,"autónoma",0.00169826215267817
"1198",24,"penal",0.00167099970416968
"1199",24,"iniciativa",0.00166901310273668
"1200",24,"sector",0.00163805323675715
"1201",25,"hospital",0.00793681185232615
"1202",25,"deaños",0.00791543003214381
"1203",25,"china",0.00587938619856796
"1204",25,"transmisión",0.00505649931404678
"1205",25,"fernández",0.0049825998572567
"1206",25,"ziliotto",0.00458723516285881
"1207",25,"buenos",0.00451511249195276
"1208",25,"viaje",0.00416837451001667
"1209",25,"paciente",0.00402651235649631
"1210",25,"pampeanos",0.00393220871436284
"1211",25,"internado",0.00380013206605146
"1212",25,"italia",0.00321014251666236
"1213",25,"respiratoria",0.00310830409110624
"1214",25,"exterior",0.00303631991306299
"1215",25,"cuatro",0.00289950800267027
"1216",25,"ejecutivo",0.00277534558757535
"1217",25,"mujer",0.00267638184223577
"1218",25,"confirmados",0.00259427093330799
"1219",25,"sábado",0.00253994783513966
"1220",25,"estrategias",0.00253041324561741
"1221",25,"río",0.00248888655987127
"1222",25,"resolución",0.00247771683780642
"1223",25,"unidos",0.00236497497719308
"1224",25,"terapia",0.00228147204897858
"1225",25,"intendente",0.00227729336644494
"1226",25,"insumos",0.00226637089310734
"1227",25,"vigilancia",0.00225630968768549
"1228",25,"abril",0.00221482441507876
"1229",25,"seguimiento",0.00220173985339832
"1230",25,"tos",0.00217432979728244
"1231",25,"fondo",0.00217300598880286
"1232",25,"penal",0.00210012131258432
"1233",25,"viernes",0.00207701554748778
"1234",25,"domicilio",0.00207381047718487
"1235",25,"será",0.00203998602960393
"1236",25,"hospitalarios",0.00203830915336418
"1237",25,"laboratorio",0.00202480578730494
"1238",25,"martes",0.0019982897281974
"1239",25,"recomendaciones",0.00197914255646447
"1240",25,"distintos",0.00197107912987621
"1241",25,"centeno",0.00196678311349271
"1242",25,"positivos",0.00192777101730029
"1243",25,"área",0.00192713009510537
"1244",25,"economía",0.00186842607995403
"1245",25,"información",0.00186429198029104
"1246",25,"ciento",0.00186173029752649
"1247",25,"ingreso",0.00184360682906664
"1248",25,"fecha",0.00180797041156868
"1249",25,"ingresar",0.0017988762769541
"1250",25,"tal",0.00179237336724874
"1251",26,"confirmados",0.00751194773023864
"1252",26,"españa",0.00510686039589786
"1253",26,"fernández",0.00499942248929124
"1254",26,"hospital",0.00482929691201114
"1255",26,"hombre",0.0048140450551524
"1256",26,"contención",0.004591672897825
"1257",26,"unidos",0.00454901552752494
"1258",26,"buenos",0.00450098610769213
"1259",26,"positivo",0.0036910100373566
"1260",26,"italia",0.00334605926971342
"1261",26,"nueva",0.00334173143892016
"1262",26,"funcionarios",0.00305265405351287
"1263",26,"sector",0.00304462112038214
"1264",26,"transmisión",0.00298819971200698
"1265",26,"antecedente",0.00297483371728576
"1266",26,"investigación",0.00296815246386316
"1267",26,"martes",0.00296772485275301
"1268",26,"controles",0.00276587093143047
"1269",26,"protocolo",0.00272399253011901
"1270",26,"información",0.00267658948496861
"1271",26,"abril",0.00260033476573778
"1272",26,"será",0.00257998174178979
"1273",26,"chaco",0.0024225461428652
"1274",26,"río",0.00239249361323937
"1275",26,"seguimiento",0.00236971266452092
"1276",26,"recomendaciones",0.00227948646834455
"1277",26,"ejecutivo",0.00226832193671983
"1278",26,"sostuvo",0.00221352316065225
"1279",26,"públicos",0.00221329500996002
"1280",26,"objetivo",0.00219230204326907
"1281",26,"penal",0.0021143892844419
"1282",26,"terapia",0.00211409302675401
"1283",26,"acuerdo",0.00207796107939728
"1284",26,"ingreso",0.00202735099564033
"1285",26,"trabajadores",0.00200440719015837
"1286",26,"comprar",0.00199769744729727
"1287",26,"alta",0.0019652999115117
"1288",26,"sábado",0.00195305460225807
"1289",26,"tal",0.0018957249413485
"1290",26,"textual",0.00182736667026052
"1291",26,"equipo",0.00177822880953826
"1292",26,"aporte",0.00177438030375243
"1293",26,"contactos",0.0017430874599163
"1294",26,"alcohol",0.00167873469726373
"1295",26,"curva",0.00167670966287254
"1296",26,"molas",0.00166306728733888
"1297",26,"mujer",0.00166169786974426
"1298",26,"etapa",0.00164968035740059
"1299",26,"contagiados",0.00164548607851214
"1300",26,"pampeanos",0.0016439408415428
"1301",27,"deaños",0.0072917546668026
"1302",27,"confirmados",0.00700288555171981
"1303",27,"aires",0.00600161467608338
"1304",27,"hombre",0.00540036942635663
"1305",27,"italia",0.00511905205144846
"1306",27,"hospital",0.0040929629273904
"1307",27,"información",0.00385470342234558
"1308",27,"fecha",0.00384876138507907
"1309",27,"nueva",0.00364458870918171
"1310",27,"abril",0.00363588547984608
"1311",27,"protocolo",0.00361523311911972
"1312",27,"san",0.00354362588388323
"1313",27,"españa",0.00353100750055717
"1314",27,"antecedente",0.00342284843141753
"1315",27,"ejecutivo",0.003104547091698
"1316",27,"viernes",0.00307815670916009
"1317",27,"nuestro",0.00305382064216997
"1318",27,"funcionarios",0.00303887423973034
"1319",27,"datos",0.00296375831242415
"1320",27,"equipo",0.00275793844574864
"1321",27,"sábado",0.00270208743745689
"1322",27,"mujer",0.00270113362689458
"1323",27,"positivo",0.00269937014132961
"1324",27,"insumos",0.00265632315042193
"1325",27,"fondo",0.00261590325111435
"1326",27,"cifra",0.00236091909842169
"1327",27,"tras",0.00232835596877818
"1328",27,"será",0.00230193502693288
"1329",27,"comunidad",0.00229231241736152
"1330",27,"buenos",0.00221983315628551
"1331",27,"etapa",0.00206410619423933
"1332",27,"explique",0.00204865819571047
"1333",27,"camas",0.00202469837692058
"1334",27,"seguimiento",0.00200205470276002
"1335",27,"paciente",0.00198925485671659
"1336",27,"sospechosos",0.00198854268873179
"1337",27,"delde",0.00197806383236803
"1338",27,"tos",0.00196547308528968
"1339",27,"ingreso",0.00196302459938005
"1340",27,"unos",0.00193450478430846
"1341",27,"algunos",0.00192846472310434
"1342",27,"resultado",0.00191447935183086
"1343",27,"positivos",0.00190978545682667
"1344",27,"habían",0.00189120171916943
"1345",27,"estrategias",0.00189040499202608
"1346",27,"empresas",0.00188888001311837
"1347",27,"acuerdo",0.00188698071105698
"1348",27,"sectores",0.00187517712963287
"1349",27,"negro",0.00183968787513533
"1350",27,"acciones",0.00183642180583462
"1351",28,"deaños",0.00907982833585219
"1352",28,"aires",0.00620365288824007
"1353",28,"viaje",0.00606116249175383
"1354",28,"transmisión",0.00566367528367778
"1355",28,"buenos",0.00564297870275497
"1356",28,"confirmados",0.00552969095834849
"1357",28,"hospital",0.00461169579177466
"1358",28,"unidos",0.00380560137736982
"1359",28,"trabajadores",0.00362713396823811
"1360",28,"información",0.00362053118330274
"1361",28,"nueva",0.00360322115662922
"1362",28,"infectados",0.00316524873796133
"1363",28,"españa",0.00310134930023959
"1364",28,"protocolo",0.00302627964219589
"1365",28,"mujer",0.0028600767238869
"1366",28,"nuestro",0.0028600457154637
"1367",28,"sábado",0.00266595057175216
"1368",28,"fernández",0.00261232953173011
"1369",28,"respiratoria",0.00254015709537839
"1370",28,"cuatro",0.00253244214668451
"1371",28,"pampeano",0.00249891411587724
"1372",28,"paciente",0.0023833980637795
"1373",28,"comunidad",0.00236211117265453
"1374",28,"hombre",0.00233882831856663
"1375",28,"respiratorios",0.00226867230303442
"1376",28,"cifra",0.00224542502428347
"1377",28,"insumos",0.00224111838403783
"1378",28,"públicos",0.00221980188252097
"1379",28,"resolución",0.00218422433382096
"1380",28,"fondo",0.00217482458958804
"1381",28,"objetivo",0.00216646970492105
"1382",28,"centeno",0.00215343210458963
"1383",28,"funcionarios",0.00209373225056086
"1384",28,"sospechosos",0.00208373765717854
"1385",28,"positivos",0.00204554713516931
"1386",28,"laboratorio",0.00201850950108354
"1387",28,"viernes",0.0020177345699105
"1388",28,"mensaje",0.00196880619713853
"1389",28,"reiteró",0.00194955416800855
"1390",28,"tratamiento",0.00191820212089293
"1391",28,"intensiva",0.00189215118428522
"1392",28,"realizando",0.00188279592924709
"1393",28,"ziliotto",0.00187415782688599
"1394",28,"san",0.00185560684007902
"1395",28,"matrimonio",0.0018554405838254
"1396",28,"comprar",0.00184384929415367
"1397",28,"análisis",0.0018402225544819
"1398",28,"universidad",0.0018271100016187
"1399",28,"etapa",0.00182083056447674
"1400",28,"empresas",0.00182060117367492
"1401",29,"hospital",0.00761499814776572
"1402",29,"paciente",0.00751519814879903
"1403",29,"aires",0.00622239240928266
"1404",29,"viaje",0.00565956041199997
"1405",29,"transmisión",0.00525894622430647
"1406",29,"buenos",0.00452402676676463
"1407",29,"internado",0.0042082950936237
"1408",29,"respiratoria",0.00396933690216902
"1409",29,"fernández",0.00394804887107252
"1410",29,"contención",0.00392244065708626
"1411",29,"cuatro",0.00387431978671232
"1412",29,"sospechosos",0.00386001270288727
"1413",29,"martes",0.00344451162019197
"1414",29,"investigación",0.00322133292182689
"1415",29,"exterior",0.00311151807444733
"1416",29,"será",0.00293400253044879
"1417",29,"hombre",0.00289625893947604
"1418",29,"fecha",0.00283881892995326
"1419",29,"mujer",0.00283875106322289
"1420",29,"positivo",0.00282877222377264
"1421",29,"comprar",0.00277471619485873
"1422",29,"terapia",0.00268740031827959
"1423",29,"datos",0.00254714852584115
"1424",29,"positivos",0.00254392759537609
"1425",29,"tras",0.00250077367909135
"1426",29,"deaños",0.00239588841361809
"1427",29,"controles",0.00236980903378748
"1428",29,"ziliotto",0.0023083256288528
"1429",29,"seguimiento",0.0022880803523785
"1430",29,"intendente",0.00216018625514819
"1431",29,"hospitales",0.00213383066547248
"1432",29,"recomendaciones",0.00209611324283027
"1433",29,"tos",0.00206505887177054
"1434",29,"antecedente",0.00206094090626052
"1435",29,"equipo",0.00204218957656226
"1436",29,"algunos",0.00202477313843807
"1437",29,"empresas",0.00202419990307563
"1438",29,"clases",0.00198804843116717
"1439",29,"intensiva",0.00196410747390289
"1440",29,"hospitalarios",0.00193933771542589
"1441",29,"contagio",0.00185076141622042
"1442",29,"solidario",0.0018207844155531
"1443",29,"área",0.00182031887417927
"1444",29,"cámara",0.00180954073442073
"1445",29,"sectores",0.00178724884141469
"1446",29,"unos",0.00177794701517314
"1447",29,"chile",0.00174154995230226
"1448",29,"estricto",0.00173169434327199
"1449",29,"resolución",0.00172263636151177
"1450",29,"ciento",0.00170348309323818
"1451",30,"hospital",0.00808672038176576
"1452",30,"deaños",0.00805200238353933
"1453",30,"confirmados",0.00645818440073667
"1454",30,"buenos",0.00607422844532652
"1455",30,"china",0.00562345206937103
"1456",30,"sospechosos",0.00550074651184301
"1457",30,"viaje",0.0049132961110332
"1458",30,"aires",0.00464040900934648
"1459",30,"paciente",0.00435372989908982
"1460",30,"transmisión",0.00404096580219318
"1461",30,"fernández",0.00386131031522869
"1462",30,"internado",0.00375781123822489
"1463",30,"ziliotto",0.00374962811346477
"1464",30,"contención",0.00364748577458435
"1465",30,"hombre",0.00348457304344894
"1466",30,"san",0.00346854577149907
"1467",30,"exterior",0.00346345452669132
"1468",30,"unidos",0.0033307001841478
"1469",30,"abril",0.00326759733256015
"1470",30,"trabajadores",0.00324489642715444
"1471",30,"viernes",0.00286100674436868
"1472",30,"positivos",0.0028594457412834
"1473",30,"cuatro",0.0028029754690615
"1474",30,"españa",0.00277083923772477
"1475",30,"fondo",0.0027631144825713
"1476",30,"nuestro",0.00265750651389567
"1477",30,"seguimiento",0.00264929076595456
"1478",30,"datos",0.0026342100696055
"1479",30,"cumpliendo",0.00261078082674037
"1480",30,"pampeanos",0.00250428152375782
"1481",30,"resolución",0.00247696834551339
"1482",30,"será",0.00246556959759338
"1483",30,"tratamiento",0.00235887360259115
"1484",30,"alta",0.00227205664058912
"1485",30,"recomendaciones",0.00223502233719171
"1486",30,"terapia",0.00214547622417619
"1487",30,"domingo",0.00214079984837931
"1488",30,"respiratorios",0.00200811208467746
"1489",30,"martes",0.00200745844373884
"1490",30,"solidario",0.00200001672134608
"1491",30,"clínico",0.0019791134722676
"1492",30,"mujer",0.00197894296825161
"1493",30,"tal",0.00196991427355635
"1494",30,"estrategias",0.00195054562501079
"1495",30,"camas",0.00194610570122569
"1496",30,"miércoles",0.0019293741108624
"1497",30,"información",0.00190261302454856
"1498",30,"italia",0.00190116636533927
"1499",30,"meses",0.0018947972287309
"1500",30,"protocolo",0.00188309037635567
"1501",31,"deaños",0.00821085722493189
"1502",31,"aires",0.00601933661669899
"1503",31,"viaje",0.0055842427457613
"1504",31,"italia",0.00532819766232234
"1505",31,"hospital",0.00466871707892977
"1506",31,"buenos",0.00431422233311741
"1507",31,"unidos",0.00412779935994264
"1508",31,"abril",0.00411868673594551
"1509",31,"positivo",0.00407347295400215
"1510",31,"contención",0.00387108652673865
"1511",31,"respiratoria",0.00372834008937436
"1512",31,"paciente",0.00350188263991692
"1513",31,"información",0.00346148702942016
"1514",31,"exterior",0.00341657795313905
"1515",31,"chaco",0.00341095264812217
"1516",31,"fecha",0.00331494801187535
"1517",31,"pampeanos",0.00320360425609791
"1518",31,"fernández",0.00318449881019906
"1519",31,"ziliotto",0.00306785502108772
"1520",31,"pampeano",0.00302910054698352
"1521",31,"españa",0.00275455159792791
"1522",31,"mayo",0.00275332877179006
"1523",31,"sábado",0.00273585888200546
"1524",31,"clases",0.00267131092275477
"1525",31,"recomendaciones",0.0026514278514619
"1526",31,"cumpliendo",0.00264674794365919
"1527",31,"cuatro",0.00262306357460368
"1528",31,"positivos",0.00258273905652348
"1529",31,"intendente",0.00250450005910765
"1530",31,"uso",0.00246553862488671
"1531",31,"datos",0.00246370902446809
"1532",31,"viernes",0.00244583817554037
"1533",31,"contagio",0.00242138503139268
"1534",31,"domicilio",0.00241096269569958
"1535",31,"hombre",0.00229786126104656
"1536",31,"transmisión",0.00229699847350721
"1537",31,"acuerdo",0.00224797298558774
"1538",31,"jueves",0.00220526613573602
"1539",31,"algunos",0.0021513529500047
"1540",31,"fondo",0.00213061494630142
"1541",31,"ciento",0.002110680337478
"1542",31,"martes",0.00211067386407503
"1543",31,"investigación",0.00207137375490804
"1544",31,"china",0.00205751427854143
"1545",31,"controles",0.00204712913294795
"1546",31,"cifra",0.00204091171661833
"1547",31,"antecedente",0.0020373027551757
"1548",31,"etapa",0.0020078079082479
"1549",31,"camas",0.00199913378393605
"1550",31,"córdoba",0.00196141758868885
"1551",32,"deaños",0.00639994653294335
"1552",32,"hospital",0.00633591055613941
"1553",32,"hombre",0.00553215065177019
"1554",32,"italia",0.00499317461935174
"1555",32,"internado",0.00445192847933399
"1556",32,"buenos",0.00426511184116572
"1557",32,"españa",0.003958997379385
"1558",32,"unidos",0.00382092997545579
"1559",32,"transmisión",0.0038072393674383
"1560",32,"abril",0.00368109014443044
"1561",32,"infectados",0.003527598291115
"1562",32,"nueva",0.00348084508811149
"1563",32,"pampeanos",0.0033153070715939
"1564",32,"san",0.00330933828219628
"1565",32,"sospechosos",0.00322067401525047
"1566",32,"martes",0.00307868589586111
"1567",32,"chaco",0.00301883948288092
"1568",32,"paciente",0.00301833826231328
"1569",32,"controles",0.00274392965306953
"1570",32,"será",0.00266235628774408
"1571",32,"fondo",0.00253604138354577
"1572",32,"seguimiento",0.00250895809102216
"1573",32,"protocolo",0.00244803884141001
"1574",32,"estrategias",0.00241937914503906
"1575",32,"recomendaciones",0.00240894867807114
"1576",32,"públicos",0.00232148654287763
"1577",32,"funcionarios",0.00230646202079364
"1578",32,"trabajadores",0.00220541101077023
"1579",32,"uso",0.00217698532194353
"1580",32,"sector",0.0021738806769464
"1581",32,"información",0.0021608374413924
"1582",32,"investigación",0.00210663775717782
"1583",32,"cuatro",0.00210367880090107
"1584",32,"comprar",0.00207414892412432
"1585",32,"domingo",0.00207265463144787
"1586",32,"datos",0.00206075261237169
"1587",32,"nuestro",0.002042751880297
"1588",32,"explique",0.00203576511730032
"1589",32,"confirmados",0.00201208836277171
"1590",32,"miércoles",0.00199604154678732
"1591",32,"china",0.001972386298925
"1592",32,"mensaje",0.00196638738097297
"1593",32,"jueves",0.00189808917544971
"1594",32,"matrimonio",0.00188455175192688
"1595",32,"unos",0.00183907811311072
"1596",32,"vigilancia",0.00183103285909116
"1597",32,"contagiados",0.0018155068564185
"1598",32,"empleados",0.0018121789921785
"1599",32,"lucha",0.00180959647606052
"1600",32,"chile",0.0017837913734966
